易世达：拟增资裸眼3D/XR原创技术企业?快速入局新兴产业|18-12-08 11:38
TCL集团：拟47.6亿元剥离家电资产 1名董事投弃权票|18-12-08 09:08
清算子公司计提全额减值准备 万家乐或亏近8亿|18-12-08 09:01
通产丽星：拟55亿购买力合科创|18-12-08 09:01
东莞控股增资东莞信托产融双驱战略持续发力|18-12-08 09:01
杨惠妍调任碧桂园联席主席 杨国强并未退休|18-12-08 09:01
青海春天：转型仍在路上|18-12-08 09:01
6家银行遭罚1.56亿 理财业务违规成重灾区|18-12-08 08:32
协鑫集成拟募资50亿进军半导体 第二主业正式落地|18-12-08 08:26
协鑫新能源总裁孙兴平：明年光伏行业将展现新业态|18-12-08 08:26
杨惠妍调任碧桂园联席主席 将负责战略投资及新业务|18-12-08 08:21
柳钢集团： 锻造广西高质量发展“钢筋铁骨”|18-12-08 08:21
个人二级市场交易新三板股票 免征所得税|18-12-08 08:19
三七互娱总经理李卫伟：不赚“快钱” 坚持精品化策略|18-12-08 07:55
周大生：北极光投资拟减持不超过总股本6%的公司股份|18-12-07 22:20
洲际油气：股东拟减持不超0.97%股份|18-12-07 22:17
宁波银行：拟定增募资不超80亿元补充核心一级资本|18-12-07 22:17
万隆光电：股东拟减持不超1.69%股份|18-12-07 22:17
安达维尔：股东拟通过大宗交易方式减持不超2%股份|18-12-07 22:17
东方明珠：与中国移动子公司咪咕文化签订战略合作协议|18-12-07 22:17
花园生物：拟对全资子公司花园营养增资4亿元|18-12-07 22:17
深赤湾A：11月份完成货物吞吐量526.2万吨 同比减少0.2%|18-12-07 22:17
通产丽星：拟55亿元购买力合科创100%股权 10日起复牌|18-12-07 22:17
广发证券：科创板试点注册制将更考验投行的定价、销售能力|18-12-07 22:17
梅花生物：拟公开发行不超过20亿元公司债券|18-12-07 22:17
TCL集团：拟47.6亿向TCL控股出售多家公司股权 聚焦半导体显示及材料业务|18-12-07 22:11
国轩高科：拟公开发行不超20亿元可转债 用于动力锂电池产业化项目等|18-12-07 22:11
30多家房企融资规模超千亿，信托贷款猛增六成，房企融资松绑了？|18-12-07 22:13
停牌9个月难逃跌停命运，上海莱士天价并购遭遇“用脚投票”|18-12-07 22:13
信立泰：氯吡格雷拟中选4+7城市药品集中采购|18-12-07 22:13
招商蛇口：前11月签约销售金额1488亿元 同比增45%|18-12-07 22:13
中国移动：将加快5G发展步伐 计划明年上半年推出5G智能手机|18-12-07 22:13
齐翔腾达：签订合作备忘录 将投建30万吨/年环氧丙烷项目|18-12-07 22:13
